Metodo,sizes,nroMatriz,tiempo
G,100,0,693852
G,100,0,632919
G,100,0,631670
G,100,0,631326
G,100,0,630887
G,100,0,630774
G,100,0,650500
G,100,0,631063
G,100,0,630866
G,100,0,630512
G,100,1,631127
G,100,1,630801
G,100,1,645479
G,100,1,611213
G,100,1,611104
G,100,1,611329
G,100,1,611555
G,100,1,611195
G,100,1,652058
G,100,1,611531
G,100,2,627234
G,100,2,611310
G,100,2,611433
G,100,2,611125
G,100,2,634002
G,100,2,611460
G,100,2,611263
G,100,2,611113
G,100,2,611299
G,100,2,611238
G,100,3,640282
G,100,3,611544
G,100,3,619650
G,100,3,618951
G,100,3,611269
G,100,3,619083
G,100,3,618822
G,100,3,633140
G,100,3,611421
G,100,3,611193
G,100,4,611165
G,100,4,611858
G,100,4,611318
G,100,4,640335
G,100,4,627270
G,100,4,611208
G,100,4,611763
G,100,4,611564
G,100,4,611228
G,100,4,633665
G,100,5,611442
G,100,5,627057
G,100,5,611604
G,100,5,611548
G,100,5,611237
G,100,5,632946
G,100,5,611830
G,100,5,611472
G,100,5,611686
G,100,5,611249
G,100,6,611526
G,100,6,631599
G,100,6,611466
G,100,6,611390
G,100,6,611645
G,100,6,610970
G,100,6,619522
G,100,6,618545
G,100,6,624254
G,100,6,627185
G,100,7,611564
G,100,7,611801
G,100,7,611300
G,100,7,611276
G,100,7,624738
G,100,7,611482
G,100,7,611350
G,100,7,619880
G,100,7,619886
G,100,7,611438
G,100,8,623822
G,100,8,611466
G,100,8,626871
G,100,8,611580
G,100,8,611326
G,100,8,611407
G,100,8,631905
G,100,8,611542
G,100,8,611256
G,100,8,611055
G,100,9,611684
G,100,9,611215
G,100,9,630425
G,100,9,611420
G,100,9,611420
G,100,9,626832
G,100,9,611382
G,100,9,626957
G,100,9,631235
G,100,9,611493
G,200,10,4905990
G,200,10,4855480
G,200,10,4877560
G,200,10,4854010
G,200,10,4841490
G,200,10,4847050
G,200,10,4848090
G,200,10,4846310
G,200,10,4827130
G,200,10,4855900
G,200,11,4866880
G,200,11,4856100
G,200,11,4875180
G,200,11,4875080
G,200,11,4831690
G,200,11,4877710
G,200,11,4847560
G,200,11,4843020
G,200,11,4831150
G,200,11,4856840
G,200,12,4845440
G,200,12,4861130
G,200,12,4872510
G,200,12,4875610
G,200,12,4840960
G,200,12,4839060
G,200,12,4848060
G,200,12,4832900
G,200,12,4848720
G,200,12,4847750
G,200,13,4851310
G,200,13,4884590
G,200,13,4859500
G,200,13,4842500
G,200,13,4841860
G,200,13,4824720
G,200,13,4849370
G,200,13,4821630
G,200,13,4839480
G,200,13,4839950
G,200,14,4862830
G,200,14,4863150
G,200,14,4878960
G,200,14,4865540
G,200,14,4844000
G,200,14,4833760
G,200,14,4866090
G,200,14,4840620
G,200,14,4872850
G,200,14,4843680
G,200,15,4854870
G,200,15,4837580
G,200,15,4877720
G,200,15,4833210
G,200,15,4859760
G,200,15,4834600
G,200,15,4847240
G,200,15,4819980
G,200,15,4838610
G,200,15,4841770
G,200,16,4888620
G,200,16,4853540
G,200,16,4884130
G,200,16,4854550
G,200,16,4860290
G,200,16,4835220
G,200,16,4880630
G,200,16,4827940
G,200,16,4843540
G,200,16,4842320
G,200,17,4858060
G,200,17,4842790
G,200,17,4874050
G,200,17,4857880
G,200,17,4850260
G,200,17,4837590
G,200,17,4870150
G,200,17,4859340
G,200,17,4853970
G,200,17,4846790
G,200,18,4946500
G,200,18,4844290
G,200,18,4839040
G,200,18,4853170
G,200,18,4841380
G,200,18,4830960
G,200,18,4853980
G,200,18,4820680
G,200,18,4844210
G,200,18,4847760
G,200,19,4860320
G,200,19,4855450
G,200,19,4857890
G,200,19,4879980
G,200,19,4845210
G,200,19,4836920
G,200,19,4863080
G,200,19,4850510
G,200,19,4866070
G,200,19,4861960
G,300,20,18962400
G,300,20,18539700
G,300,20,18434300
G,300,20,18441300
G,300,20,18455500
G,300,20,18441700
G,300,20,18448500
G,300,20,18491000
G,300,20,18470500
G,300,20,18441200
G,300,21,18553400
G,300,21,18483600
G,300,21,18488400
G,300,21,18492700
G,300,21,18425800
G,300,21,18435400
G,300,21,18419700
G,300,21,18433200
G,300,21,18419200
G,300,21,18435300
G,300,22,18515900
G,300,22,18430600
G,300,22,18667500
G,300,22,18516000
G,300,22,18451000
G,300,22,18467300
G,300,22,18567000
G,300,22,18453700
G,300,22,18437700
G,300,22,18443000
G,300,23,18532600
G,300,23,18475200
G,300,23,18841700
G,300,23,18583600
G,300,23,18443500
G,300,23,18455000
G,300,23,18445400
G,300,23,18469800
G,300,23,18440900
G,300,23,18495300
G,300,24,18521900
G,300,24,18442200
G,300,24,18446400
G,300,24,18899100
G,300,24,18686500
G,300,24,18447300
G,300,24,18441000
G,300,24,18471000
G,300,24,18450300
G,300,24,18466100
G,300,25,18540400
G,300,25,18468600
G,300,25,18501600
G,300,25,18494200
G,300,25,18453100
G,300,25,18465000
G,300,25,18452700
G,300,25,18451300
G,300,25,18484900
G,300,25,18438300
G,300,26,18495000
G,300,26,18474900
G,300,26,18439800
G,300,26,18433800
G,300,26,18782500
G,300,26,18565700
G,300,26,18516100
G,300,26,18470300
G,300,26,18440200
G,300,26,18421300
G,300,27,18511900
G,300,27,18437000
G,300,27,18451800
G,300,27,18448900
G,300,27,18470000
G,300,27,18443400
G,300,27,18461600
G,300,27,18444900
G,300,27,18445800
G,300,27,18512100
G,300,28,18506200
G,300,28,18462700
G,300,28,18430500
G,300,28,18438400
G,300,28,18452000
G,300,28,18446800
G,300,28,18459900
G,300,28,18452200
G,300,28,18441800
G,300,28,18430100
G,300,29,18548400
G,300,29,18528400
G,300,29,18454100
G,300,29,18500900
G,300,29,18437200
G,300,29,18453000
G,300,29,18691200
G,300,29,18502800
G,300,29,18417000
G,300,29,18448800
G,400,30,54051900
G,400,30,53867300
G,400,30,53942000
G,400,30,53859900
G,400,30,53906900
G,400,30,53842200
G,400,30,53967900
G,400,30,53923200
G,400,30,53842800
G,400,30,54150900
G,400,31,54054800
G,400,31,54109500
G,400,31,53885500
G,400,31,53942800
G,400,31,54003100
G,400,31,53927700
G,400,31,53881500
G,400,31,53857900
G,400,31,53863900
G,400,31,53853300
G,400,32,54273600
G,400,32,54081800
G,400,32,53936900
G,400,32,53840900
G,400,32,53878000
G,400,32,53939100
G,400,32,53810900
G,400,32,53841800
G,400,32,53881500
G,400,32,53949000
G,400,33,53892600
G,400,33,54129600
G,400,33,54077500
G,400,33,53855100
G,400,33,53932800
G,400,33,53871600
G,400,33,54042100
G,400,33,53857700
G,400,33,53874500
G,400,33,53989000
G,400,34,53941300
G,400,34,53955900
G,400,34,54207900
G,400,34,54288800
G,400,34,53881300
G,400,34,53800700
G,400,34,53863300
G,400,34,53848500
G,400,34,54188000
G,400,34,53946500
G,400,35,53969300
G,400,35,53879500
G,400,35,53952200
G,400,35,53939900
G,400,35,54293700
G,400,35,53890600
G,400,35,53904300
G,400,35,53955500
G,400,35,53841100
G,400,35,53854000
G,400,36,53973000
G,400,36,53999400
G,400,36,53904200
G,400,36,53973900
G,400,36,53862400
G,400,36,54261800
G,400,36,53955500
G,400,36,53821200
G,400,36,53903300
G,400,36,53864100
G,400,37,53979700
G,400,37,53965700
G,400,37,54188000
G,400,37,53869300
G,400,37,53864000
G,400,37,53992300
G,400,37,54277400
G,400,37,53914400
G,400,37,53871400
G,400,37,53862900
G,400,38,54031100
G,400,38,53818900
G,400,38,53832200
G,400,38,53861800
G,400,38,53923500
G,400,38,54072900
G,400,38,54169100
G,400,38,54318500
G,400,38,53924200
G,400,38,53932600
G,400,39,53939700
G,400,39,53879500
G,400,39,53841400
G,400,39,53933900
G,400,39,53917500
G,400,39,53864000
G,400,39,53944800
G,400,39,53854400
G,400,39,54435900
G,400,39,53886000
G,500,40,106439000
G,500,40,105424000
G,500,40,105366000
G,500,40,105430000
G,500,40,105876000
G,500,40,105288000
G,500,40,105379000
G,500,40,105358000
G,500,40,105545000
G,500,40,105431000
G,500,41,105900000
G,500,41,105484000
G,500,41,106897000
G,500,41,105370000
G,500,41,106267000
G,500,41,105434000
G,500,41,105507000
G,500,41,105363000
G,500,41,105441000
G,500,41,105225000
G,500,42,105404000
G,500,42,105368000
G,500,42,105417000
G,500,42,105271000
G,500,42,105298000
G,500,42,105500000
G,500,42,105322000
G,500,42,105414000
G,500,42,105272000
G,500,42,105385000
G,500,43,105414000
G,500,43,105615000
G,500,43,105349000
G,500,43,105332000
G,500,43,105477000
G,500,43,105331000
G,500,43,105333000
G,500,43,105324000
G,500,43,105340000
G,500,43,105403000
G,500,44,105330000
G,500,44,105402000
G,500,44,105240000
G,500,44,105377000
G,500,44,105384000
G,500,44,105306000
G,500,44,105385000
G,500,44,105343000
G,500,44,105383000
G,500,44,105297000
G,500,45,105700000
G,500,45,105407000
G,500,45,105338000
G,500,45,105394000
G,500,45,105284000
G,500,45,105409000
G,500,45,105383000
G,500,45,105300000
G,500,45,105269000
G,500,45,105216000
G,500,46,105323000
G,500,46,105223000
G,500,46,105271000
G,500,46,105219000
G,500,46,105196000
G,500,46,105501000
G,500,46,105215000
G,500,46,105395000
G,500,46,105272000
G,500,46,105361000
G,500,47,105534000
G,500,47,105206000
G,500,47,105284000
G,500,47,105181000
G,500,47,105417000
G,500,47,105208000
G,500,47,105183000
G,500,47,105447000
G,500,47,105329000
G,500,47,105302000
G,500,48,105245000
G,500,48,105292000
G,500,48,105203000
G,500,48,105272000
G,500,48,105318000
G,500,48,105170000
G,500,48,105306000
G,500,48,105294000
G,500,48,105449000
G,500,48,105504000
G,500,49,105260000
G,500,49,105332000
G,500,49,105242000
G,500,49,105353000
G,500,49,105150000
G,500,49,105266000
G,500,49,105302000
G,500,49,105285000
G,500,49,105249000
G,500,49,105243000
G,600,50,384577000
G,600,50,384157000
G,600,50,384052000
G,600,50,383981000
G,600,50,383883000
G,600,50,383888000
G,600,50,384122000
G,600,50,384088000
G,600,50,383719000
G,600,50,383968000
G,600,51,383774000
G,600,51,383815000
G,600,51,383850000
G,600,51,384133000
G,600,51,383804000
G,600,51,383792000
G,600,51,383872000
G,600,51,384045000
G,600,51,383903000
G,600,51,383790000
G,600,52,384082000
G,600,52,384009000
G,600,52,383887000
G,600,52,384036000
G,600,52,383928000
G,600,52,383743000
G,600,52,383998000
G,600,52,383942000
G,600,52,384977000
G,600,52,384484000
G,600,53,384348000
G,600,53,384366000
G,600,53,384282000
G,600,53,384669000
G,600,53,384650000
G,600,53,384285000
G,600,53,384028000
G,600,53,384226000
G,600,53,384257000
G,600,53,384437000
G,600,54,384158000
G,600,54,383834000
G,600,54,387231000
G,600,54,387157000
G,600,54,389455000
G,600,54,384155000
G,600,54,385089000
G,600,54,384527000
G,600,54,384395000
G,600,54,384610000
G,600,55,385243000
G,600,55,384358000
G,600,55,406102000
G,600,55,386645000
G,600,55,384594000
G,600,55,384797000
G,600,55,384874000
G,600,55,389103000
G,600,55,388351000
G,600,55,384789000
G,600,56,384439000
G,600,56,384450000
G,600,56,385320000
G,600,56,384247000
G,600,56,384507000
G,600,56,384365000
G,600,56,385778000
G,600,56,384312000
G,600,56,384295000
G,600,56,384132000
G,600,57,385775000
G,600,57,384823000
G,600,57,384159000
G,600,57,384099000
G,600,57,385338000
G,600,57,384362000
G,600,57,384639000
G,600,57,384163000
G,600,57,385217000
G,600,57,384592000
G,600,58,384325000
G,600,58,384407000
G,600,58,385108000
G,600,58,384373000
G,600,58,384155000
G,600,58,384486000
G,600,58,385172000
G,600,58,384701000
G,600,58,384207000
G,600,58,384277000
G,600,59,385423000
G,600,59,386057000
G,600,59,384838000
G,600,59,384681000
G,600,59,384702000
G,600,59,384129000
G,600,59,387566000
G,600,59,390645000
G,600,59,392228000
G,600,59,391999000
G,700,60,302264000
G,700,60,292233000
G,700,60,292200000
G,700,60,292364000
G,700,60,294999000
G,700,60,293426000
G,700,60,294699000
G,700,60,296697000
G,700,60,292805000
G,700,60,292178000
G,700,61,293547000
G,700,61,292841000
G,700,61,292641000
G,700,61,292265000
G,700,61,293049000
G,700,61,292760000
G,700,61,294613000
G,700,61,302283000
G,700,61,304881000
G,700,61,298510000
G,700,62,293689000
G,700,62,292498000
G,700,62,292232000
G,700,62,293673000
G,700,62,294998000
G,700,62,302028000
G,700,62,292331000
G,700,62,294462000
G,700,62,292151000
G,700,62,294010000
G,700,63,292868000
G,700,63,294082000
G,700,63,292766000
G,700,63,293251000
G,700,63,293943000
G,700,63,293707000
G,700,63,295946000
G,700,63,293454000
G,700,63,296108000
G,700,63,294560000
G,700,64,292619000
G,700,64,295350000
G,700,64,292330000
G,700,64,293039000
G,700,64,292655000
G,700,64,292417000
G,700,64,293791000
G,700,64,292903000
G,700,64,292744000
G,700,64,294283000
G,700,65,293068000
G,700,65,292435000
G,700,65,298652000
G,700,65,303856000
G,700,65,307534000
G,700,65,302767000
G,700,65,303133000
G,700,65,305550000
G,700,65,300420000
G,700,65,293971000
G,700,66,293290000
G,700,66,292110000
G,700,66,292088000
G,700,66,292197000
G,700,66,294957000
G,700,66,293371000
G,700,66,293308000
G,700,66,292351000
G,700,66,292715000
G,700,66,294241000
G,700,67,293026000
G,700,67,292302000
G,700,67,292194000
G,700,67,292338000
G,700,67,293950000
G,700,67,292193000
G,700,67,292169000
G,700,67,291851000
G,700,67,291819000
G,700,67,291955000
G,700,68,292466000
G,700,68,292462000
G,700,68,291976000
G,700,68,291999000
G,700,68,293553000
G,700,68,292831000
G,700,68,292384000
G,700,68,292196000
G,700,68,292177000
G,700,68,292780000
G,700,69,292165000
G,700,69,292231000
G,700,69,293700000
G,700,69,294660000
G,700,69,295119000
G,700,69,292533000
G,700,69,292104000
G,700,69,292067000
G,700,69,292459000
G,700,69,291928000
G,800,70,651698000
G,800,70,652434000
G,800,70,652116000
G,800,70,655329000
G,800,70,652858000
G,800,70,652052000
G,800,70,652381000
G,800,70,656043000
G,800,70,649748000
G,800,70,652758000
G,800,71,653242000
G,800,71,652073000
G,800,71,650546000
G,800,71,650398000
G,800,71,649551000
G,800,71,654008000
G,800,71,651804000
G,800,71,649885000
G,800,71,649822000
G,800,71,652251000
G,800,72,651087000
G,800,72,653875000
G,800,72,652556000
G,800,72,651234000
G,800,72,650729000
G,800,72,653460000
G,800,72,651861000
G,800,72,652528000
G,800,72,654745000
G,800,72,656162000
G,800,73,650507000
G,800,73,651105000
G,800,73,649086000
G,800,73,652737000
G,800,73,654176000
G,800,73,650175000
G,800,73,649243000
G,800,73,650766000
G,800,73,651058000
G,800,73,654496000
G,800,74,651795000
G,800,74,650337000
G,800,74,649468000
G,800,74,647327000
G,800,74,652378000
G,800,74,646903000
G,800,74,652071000
G,800,74,647347000
G,800,74,649188000
G,800,74,649896000
G,800,75,652007000
G,800,75,649000000
G,800,75,648498000
G,800,75,653848000
G,800,75,649503000
G,800,75,652610000
G,800,75,648508000
G,800,75,652266000
G,800,75,648874000
G,800,75,650298000
G,800,76,652585000
G,800,76,651116000
G,800,76,649768000
G,800,76,651703000
G,800,76,649187000
G,800,76,649823000
G,800,76,652262000
G,800,76,650229000
G,800,76,650439000
G,800,76,653428000
G,800,77,651323000
G,800,77,648400000
G,800,77,651339000
G,800,77,650779000
G,800,77,648634000
G,800,77,649041000
G,800,77,649006000
G,800,77,647871000
G,800,77,650577000
G,800,77,649756000
G,800,78,652627000
G,800,78,650247000
G,800,78,650178000
G,800,78,649599000
G,800,78,652904000
G,800,78,649952000
G,800,78,650575000
G,800,78,652299000
G,800,78,649406000
G,800,78,650030000
G,800,79,650640000
G,800,79,651163000
G,800,79,650127000
G,800,79,651097000
G,800,79,649588000
G,800,79,648945000
G,800,79,650300000
G,800,79,651302000
G,800,79,650595000
G,800,79,651442000
G,900,80,681387000
G,900,80,681430000
G,900,80,678438000
G,900,80,683982000
G,900,80,675978000
G,900,80,678897000
G,900,80,680892000
G,900,80,680811000
G,900,80,678913000
G,900,80,681535000
G,900,81,681258000
G,900,81,673330000
G,900,81,679200000
G,900,81,680810000
G,900,81,681669000
G,900,81,678749000
G,900,81,677610000
G,900,81,679527000
G,900,81,675622000
G,900,81,680234000
G,900,82,678486000
G,900,82,679911000
G,900,82,679995000
G,900,82,681787000
G,900,82,678862000
G,900,82,679630000
G,900,82,678941000
G,900,82,681953000
G,900,82,680860000
G,900,82,678875000
G,900,83,675107000
G,900,83,679226000
G,900,83,679040000
G,900,83,683408000
G,900,83,680592000
G,900,83,680536000
G,900,83,682305000
G,900,83,680263000
G,900,83,677022000
G,900,83,673380000
G,900,84,680388000
G,900,84,676257000
G,900,84,675675000
G,900,84,679163000
G,900,84,677510000
G,900,84,678208000
G,900,84,677200000
G,900,84,678675000
G,900,84,681089000
G,900,84,680425000
G,900,85,680696000
G,900,85,678136000
G,900,85,678395000
G,900,85,680211000
G,900,85,676539000
G,900,85,677457000
G,900,85,680422000
G,900,85,680429000
G,900,85,682518000
G,900,85,679381000
G,900,86,679558000
G,900,86,678035000
G,900,86,678641000
G,900,86,677251000
G,900,86,676831000
G,900,86,677960000
G,900,86,680221000
G,900,86,677958000
G,900,86,680871000
G,900,86,678256000
G,900,87,680792000
G,900,87,679831000
G,900,87,681053000
G,900,87,678220000
G,900,87,679764000
G,900,87,678949000
G,900,87,681129000
G,900,87,681148000
G,900,87,679985000
G,900,87,678718000
G,900,88,679055000
G,900,88,677322000
G,900,88,679110000
G,900,88,680336000
G,900,88,683684000
G,900,88,680215000
G,900,88,680679000
G,900,88,679504000
G,900,88,682365000
G,900,88,680646000
G,900,89,680303000
G,900,89,677235000
G,900,89,679038000
G,900,89,677458000
G,900,89,681526000
G,900,89,679357000
G,900,89,677636000
G,900,89,678878000
G,900,89,680070000
G,900,89,678221000
G,1000,90,972573000
G,1000,90,963468000
G,1000,90,959910000
G,1000,90,964748000
G,1000,90,963580000
G,1000,90,963617000
G,1000,90,967061000
G,1000,90,962110000
G,1000,90,964833000
G,1000,90,960641000
G,1000,91,966574000
G,1000,91,965691000
G,1000,91,963204000
G,1000,91,964306000
G,1000,91,962326000
G,1000,91,963567000
G,1000,91,960848000
G,1000,91,964359000
G,1000,91,962904000
G,1000,91,963544000
G,1000,92,966417000
G,1000,92,962383000
G,1000,92,964318000
G,1000,92,960679000
G,1000,92,965562000
G,1000,92,965056000
G,1000,92,964253000
G,1000,92,964315000
G,1000,92,962854000
G,1000,92,964674000
G,1000,93,961367000
G,1000,93,963369000
G,1000,93,963174000
G,1000,93,964174000
G,1000,93,966472000
G,1000,93,961527000
G,1000,93,964969000
G,1000,93,961596000
G,1000,93,966210000
G,1000,93,964935000
G,1000,94,963489000
G,1000,94,964077000
G,1000,94,963004000
G,1000,94,964029000
G,1000,94,961533000
G,1000,94,963509000
G,1000,94,966028000
G,1000,94,968495000
G,1000,94,966108000
G,1000,94,961439000
G,1000,95,965303000
G,1000,95,962504000
G,1000,95,967751000
G,1000,95,966393000
G,1000,95,964407000
G,1000,95,965907000
G,1000,95,962463000
G,1000,95,964550000
G,1000,95,960998000
G,1000,95,965672000
G,1000,96,964643000
G,1000,96,965215000
G,1000,96,963886000
G,1000,96,965411000
G,1000,96,963246000
G,1000,96,963771000
G,1000,96,965581000
G,1000,96,966770000
G,1000,96,964478000
G,1000,96,963973000
G,1000,97,963996000
G,1000,97,959832000
G,1000,97,966704000
G,1000,97,963940000
G,1000,97,966052000
G,1000,97,963576000
G,1000,97,964105000
G,1000,97,964669000
G,1000,97,960967000
G,1000,97,965891000
G,1000,98,964145000
G,1000,98,963403000
G,1000,98,963081000
G,1000,98,963603000
G,1000,98,967191000
G,1000,98,961037000
G,1000,98,963887000
G,1000,98,962242000
G,1000,98,964950000
G,1000,98,963893000
G,1000,99,965697000
G,1000,99,964637000
G,1000,99,960624000
G,1000,99,965809000
G,1000,99,964757000
G,1000,99,965792000
G,1000,99,964807000
G,1000,99,965816000
G,1000,99,964643000
G,1000,99,960435000
G,1100,100,1459710000
G,1100,100,1609150000
G,1100,100,1610250000
G,1100,100,1600530000
G,1100,100,1610580000
G,1100,100,1600640000
G,1100,100,1616590000
G,1100,100,1609120000
G,1100,100,1618440000
G,1100,100,1606310000
G,1100,101,1615340000
G,1100,101,1604080000
G,1100,101,1611690000
G,1100,101,1603260000
G,1100,101,1610470000
G,1100,101,1601760000
G,1100,101,1612980000
G,1100,101,1604410000
G,1100,101,1613680000
G,1100,101,1602950000
G,1100,102,1614120000
G,1100,102,1606510000
G,1100,102,1614970000
G,1100,102,1603440000
G,1100,102,1610470000
G,1100,102,1601260000
G,1100,102,1616590000
G,1100,102,1606330000
G,1100,102,1612540000
G,1100,102,1602470000
G,1100,103,1614620000
G,1100,103,1606350000
G,1100,103,1615010000
G,1100,103,1603970000
G,1100,103,1616270000
G,1100,103,1608270000
G,1100,103,1621340000
G,1100,103,1679520000
G,1100,103,1690880000
G,1100,103,1688680000
G,1100,104,1687170000
G,1100,104,1680340000
G,1100,104,1687650000
G,1100,104,1681490000
G,1100,104,1615080000
G,1100,104,1612810000
G,1100,104,1606450000
G,1100,104,1605140000
G,1100,104,1605260000
G,1100,104,1598980000
G,1100,105,1610530000
G,1100,105,1612530000
G,1100,105,1601220000
G,1100,105,1605320000
G,1100,105,1616520000
G,1100,105,1603170000
G,1100,105,1615320000
G,1100,105,1608680000
G,1100,105,1618430000
G,1100,105,1609870000
G,1100,106,1615220000
G,1100,106,1614520000
G,1100,106,1608840000
G,1100,106,1602710000
G,1100,106,1605080000
G,1100,106,1603450000
G,1100,106,1606370000
G,1100,106,1615500000
G,1100,106,1608030000
G,1100,106,1610180000
G,1100,107,1611570000
G,1100,107,1603240000
G,1100,107,1603650000
G,1100,107,1603330000
G,1100,107,1604900000
G,1100,107,1605100000
G,1100,107,1601980000
G,1100,107,1607690000
G,1100,107,1601160000
G,1100,107,1612710000
G,1100,108,1606550000
G,1100,108,1600510000
G,1100,108,1609410000
G,1100,108,1613000000
G,1100,108,1606940000
G,1100,108,1614770000
G,1100,108,1614700000
G,1100,108,1609480000
G,1100,108,1601280000
G,1100,108,1601230000
G,1100,109,1599770000
G,1100,109,1603040000
G,1100,109,1602340000
G,1100,109,1614510000
G,1100,109,1614670000
G,1100,109,1610730000
G,1100,109,1609400000
G,1100,109,1607320000
G,1100,109,1616500000
G,1100,109,1612110000
G,1200,110,2137780000
G,1200,110,2126110000
G,1200,110,2130550000
G,1200,110,2123500000
G,1200,110,2136740000
G,1200,110,2126280000
G,1200,110,2126890000
G,1200,110,2128490000
G,1200,110,2134400000
G,1200,110,2130760000
G,1200,111,2129330000
G,1200,111,2133830000
G,1200,111,2132380000
G,1200,111,2131160000
G,1200,111,2132660000
G,1200,111,2126490000
G,1200,111,2126490000
G,1200,111,2129560000
G,1200,111,2133210000
G,1200,111,2127460000
G,1200,112,2129160000
G,1200,112,2129590000
G,1200,112,2131240000
G,1200,112,2127930000
G,1200,112,2130850000
G,1200,112,2132400000
G,1200,112,2126790000
G,1200,112,2132380000
G,1200,112,2129170000
G,1200,112,2133070000
G,1200,113,2137780000
G,1200,113,2133500000
G,1200,113,2134930000
G,1200,113,2130980000
G,1200,113,2134260000
G,1200,113,2128090000
G,1200,113,2129000000
G,1200,113,2137500000
G,1200,113,2165650000
G,1200,113,2124930000
G,1200,114,2127800000
G,1200,114,2135340000
G,1200,114,2139070000
G,1200,114,2128710000
G,1200,114,2129720000
G,1200,114,2137350000
G,1200,114,2137650000
G,1200,114,2135550000
G,1200,114,2135970000
G,1200,114,2133500000
G,1200,115,2131860000
G,1200,115,2139070000
G,1200,115,2140780000
G,1200,115,2130180000
G,1200,115,2139720000
G,1200,115,2138890000
G,1200,115,2141770000
G,1200,115,2128200000
G,1200,115,2142230000
G,1200,115,2135050000
G,1200,116,2145370000
G,1200,116,2132130000
G,1200,116,2129500000
G,1200,116,2142510000
G,1200,116,2138270000
G,1200,116,2137080000
G,1200,116,2128920000
G,1200,116,2135710000
G,1200,116,2138520000
G,1200,116,2146450000
G,1200,117,2143870000
G,1200,117,2135590000
G,1200,117,2134330000
G,1200,117,2137980000
G,1200,117,2140560000
G,1200,117,2140310000
G,1200,117,2131980000
G,1200,117,2129990000
G,1200,117,2139740000
G,1200,117,2127460000
G,1200,118,2129200000
G,1200,118,2125570000
G,1200,118,2133730000
G,1200,118,2134120000
G,1200,118,2128580000
G,1200,118,2130140000
G,1200,118,2133780000
G,1200,118,2130290000
G,1200,118,2143670000
G,1200,118,2129280000
G,1200,119,2129580000
G,1200,119,2141280000
G,1200,119,2127760000
G,1200,119,2134520000
G,1200,119,2131740000
G,1200,119,2127830000
G,1200,119,2128110000
G,1200,119,2131860000
G,1200,119,2134420000
G,1200,119,2127100000
G,1300,120,2716030000
G,1300,120,2702290000
G,1300,120,2713530000
G,1300,120,2738990000
G,1300,120,2695640000
G,1300,120,2713210000
G,1300,120,2723200000
G,1300,120,2711820000
G,1300,120,2721980000
G,1300,120,2721550000
G,1300,121,2718850000
G,1300,121,2710040000
G,1300,121,2721310000
G,1300,121,2706100000
G,1300,121,2720170000
G,1300,121,2717210000
G,1300,121,2722570000
G,1300,121,2719610000
G,1300,121,2714330000
G,1300,121,2700760000
G,1300,122,2719920000
G,1300,122,2708600000
G,1300,122,2712100000
G,1300,122,2705290000
G,1300,122,2713400000
G,1300,122,2712730000
G,1300,122,2714210000
G,1300,122,2705470000
G,1300,122,2717460000
G,1300,122,2709540000
G,1300,123,2707050000
G,1300,123,2710600000
G,1300,123,2719020000
G,1300,123,2716140000
G,1300,123,2707180000
G,1300,123,2715660000
G,1300,123,2708410000
G,1300,123,2709170000
G,1300,123,2715730000
G,1300,123,2707100000
G,1300,124,2708000000
G,1300,124,2711240000
G,1300,124,2717370000
G,1300,124,2704190000
G,1300,124,2716010000
G,1300,124,2704330000
G,1300,124,2713730000
G,1300,124,2706200000
G,1300,124,2715170000
G,1300,124,2716160000
G,1300,125,2707000000
G,1300,125,2710840000
G,1300,125,2707370000
G,1300,125,2709600000
G,1300,125,2716930000
G,1300,125,2710900000
G,1300,125,2702050000
G,1300,125,2709530000
G,1300,125,2715150000
G,1300,125,2704200000
G,1300,126,2715810000
G,1300,126,2705510000
G,1300,126,2720650000
G,1300,126,2720370000
G,1300,126,2708830000
G,1300,126,2711310000
G,1300,126,2710340000
G,1300,126,2712040000
G,1300,126,2718010000
G,1300,126,2708870000
G,1300,127,2707110000
G,1300,127,2710600000
G,1300,127,2714100000
G,1300,127,2702750000
G,1300,127,2721260000
G,1300,127,2710100000
G,1300,127,2714180000
G,1300,127,2715210000
G,1300,127,2711580000
G,1300,127,2712000000
G,1300,128,2708190000
G,1300,128,2711270000
G,1300,128,2716620000
G,1300,128,2712000000
G,1300,128,2706390000
G,1300,128,2711130000
G,1300,128,2716190000
G,1300,128,2710350000
G,1300,128,2719200000
G,1300,128,2704600000
G,1300,129,2726370000
G,1300,129,2716210000
G,1300,129,2719800000
G,1300,129,2717290000
G,1300,129,2713120000
G,1300,129,2707150000
G,1300,129,2719540000
G,1300,129,2709010000
G,1300,129,2709460000
G,1300,129,2711400000
G,1400,130,3148410000
G,1400,130,3154360000
G,1400,130,3157210000
G,1400,130,3159530000
G,1400,130,3151730000
G,1400,130,3157970000
G,1400,130,3158260000
G,1400,130,3158160000
G,1400,130,3155250000
G,1400,130,3152560000
G,1400,131,3159590000
G,1400,131,3139100000
G,1400,131,3144000000
G,1400,131,3158680000
G,1400,131,3158950000
G,1400,131,3157140000
G,1400,131,3158790000
G,1400,131,3162950000
G,1400,131,3157390000
G,1400,131,3158270000
G,1400,132,3156280000
G,1400,132,3158500000
G,1400,132,3154710000
G,1400,132,3159150000
G,1400,132,3156990000
G,1400,132,3140730000
G,1400,132,3142060000
G,1400,132,3155690000
G,1400,132,3158530000
G,1400,132,3160020000
G,1400,133,3161540000
G,1400,133,3156580000
G,1400,133,3154450000
G,1400,133,3157030000
G,1400,133,3146280000
G,1400,133,3142980000
G,1400,133,3139960000
G,1400,133,3155060000
G,1400,133,3147010000
G,1400,133,3162860000
G,1400,134,3143810000
G,1400,134,3157830000
G,1400,134,3135830000
G,1400,134,3148290000
G,1400,134,3139400000
G,1400,134,3144410000
G,1400,134,3136450000
G,1400,134,3153790000
G,1400,134,3139240000
G,1400,134,3158950000
G,1400,135,3144670000
G,1400,135,3156220000
G,1400,135,3134400000
G,1400,135,3139530000
G,1400,135,3146690000
G,1400,135,3156760000
G,1400,135,3136220000
G,1400,135,3149160000
G,1400,135,3137720000
G,1400,135,3155680000
G,1400,136,3135000000
G,1400,136,3148440000
G,1400,136,3143300000
G,1400,136,3136010000
G,1400,136,3145820000
G,1400,136,3150930000
G,1400,136,3140780000
G,1400,136,3144360000
G,1400,136,3143850000
G,1400,136,3147660000
G,1400,137,3139330000
G,1400,137,3147940000
G,1400,137,3144260000
G,1400,137,3139080000
G,1400,137,3158430000
G,1400,137,3139880000
G,1400,137,3141920000
G,1400,137,3155620000
G,1400,137,3158220000
G,1400,137,3139030000
G,1400,138,3160040000
G,1400,138,3147750000
G,1400,138,3142330000
G,1400,138,3158770000
G,1400,138,3138340000
G,1400,138,3147120000
G,1400,138,3142090000
G,1400,138,3155680000
G,1400,138,3146570000
G,1400,138,3148700000
G,1400,139,3147530000
G,1400,139,3143580000
G,1400,139,3147420000
G,1400,139,3145900000
G,1400,139,3135790000
G,1400,139,3144720000
G,1400,139,3142780000
G,1400,139,3142930000
G,1400,139,3143330000
G,1400,139,3158720000
G,1500,140,4349600000
G,1500,140,4353610000
G,1500,140,4347870000
G,1500,140,4342520000
G,1500,140,4344750000
G,1500,140,4341690000
G,1500,140,4344760000
G,1500,140,4340790000
G,1500,140,4344220000
G,1500,140,4352520000
G,1500,141,4350270000
G,1500,141,4341300000
G,1500,141,4356000000
G,1500,141,4339070000
G,1500,141,4349640000
G,1500,141,4333670000
G,1500,141,4347240000
G,1500,141,4339600000
G,1500,141,4344880000
G,1500,141,4341260000
G,1500,142,4344810000
G,1500,142,4346470000
G,1500,142,4346440000
G,1500,142,4344840000
G,1500,142,4347640000
G,1500,142,4350120000
G,1500,142,4342780000
G,1500,142,4344390000
G,1500,142,4343300000
G,1500,142,4346610000
G,1500,143,4345690000
G,1500,143,4340320000
G,1500,143,4344170000
G,1500,143,4337680000
G,1500,143,4343140000
G,1500,143,4341760000
G,1500,143,4346590000
G,1500,143,4341330000
G,1500,143,4346590000
G,1500,143,4338400000
G,1500,144,4344620000
G,1500,144,4340390000
G,1500,144,4348380000
G,1500,144,4342050000
G,1500,144,4350000000
G,1500,144,4340690000
G,1500,144,4353130000
G,1500,144,4337540000
G,1500,144,4344190000
G,1500,144,4338780000
G,1500,145,4343750000
G,1500,145,4336030000
G,1500,145,4347470000
G,1500,145,4337820000
G,1500,145,4348090000
G,1500,145,4335840000
G,1500,145,4348810000
G,1500,145,4338720000
G,1500,145,4344330000
G,1500,145,4339970000
G,1500,146,4342590000
G,1500,146,4337700000
G,1500,146,4346250000
G,1500,146,4345610000
G,1500,146,4345690000
G,1500,146,4335090000
G,1500,146,4344930000
G,1500,146,4340800000
G,1500,146,4345510000
G,1500,146,4346510000
G,1500,147,4348990000
G,1500,147,4343190000
G,1500,147,4344840000
G,1500,147,4342870000
G,1500,147,4345630000
G,1500,147,4346700000
G,1500,147,4344900000
G,1500,147,4344410000
G,1500,147,4351300000
G,1500,147,4344820000
G,1500,148,4343220000
G,1500,148,4341080000
G,1500,148,4345880000
G,1500,148,4343420000
G,1500,148,4344890000
G,1500,148,4346790000
G,1500,148,4342470000
G,1500,148,4342270000
G,1500,148,4347940000
G,1500,148,4342300000
G,1500,149,4347710000
G,1500,149,4346240000
G,1500,149,4345700000
G,1500,149,4347650000
G,1500,149,4344960000
G,1500,149,4345050000
G,1500,149,4342870000
G,1500,149,4345050000
G,1500,149,4353450000
G,1500,149,4341950000
G,1600,150,7210910000
G,1600,150,7334530000
G,1600,150,7338020000
G,1600,150,7334390000
G,1600,150,7330500000
G,1600,150,7334200000
G,1600,150,7316330000
G,1600,150,7346490000
G,1600,150,7336420000
G,1600,150,7318500000
G,1600,151,7330900000
G,1600,151,7349780000
G,1600,151,7337330000
G,1600,151,7333770000
G,1600,151,7337330000
G,1600,151,7323570000
G,1600,151,7332520000
G,1600,151,7336440000
G,1600,151,7325620000
G,1600,151,7334540000
G,1600,152,7338810000
G,1600,152,7338030000
G,1600,152,7335500000
G,1600,152,7343260000
G,1600,152,7340680000
G,1600,152,7346240000
G,1600,152,7335230000
G,1600,152,7337010000
G,1600,152,7333550000
G,1600,152,7337540000
G,1600,153,7335360000
G,1600,153,7345340000
G,1600,153,7336290000
G,1600,153,7337400000
G,1600,153,7338770000
G,1600,153,7341960000
G,1600,153,7336350000
G,1600,153,7349690000
G,1600,153,7330950000
G,1600,153,7339510000
G,1600,154,7337940000
G,1600,154,7338830000
G,1600,154,7336510000
G,1600,154,7346430000
G,1600,154,7340760000
G,1600,154,7339430000
G,1600,154,7337070000
G,1600,154,7343580000
G,1600,154,7340750000
G,1600,154,7326060000
G,1600,155,7341160000
G,1600,155,7335530000
G,1600,155,7319170000
G,1600,155,7350150000
G,1600,155,7337840000
G,1600,155,7316490000
G,1600,155,7336460000
G,1600,155,7340740000
G,1600,155,7327480000
G,1600,155,7341820000
G,1600,156,7342710000
G,1600,156,7316960000
G,1600,156,7334080000
G,1600,156,7339480000
G,1600,156,7338350000
G,1600,156,7342850000
G,1600,156,7331110000
G,1600,156,7331250000
G,1600,156,7336560000
G,1600,156,7335600000
G,1600,157,7332450000
G,1600,157,7342010000
G,1600,157,7342350000
G,1600,157,7330590000
G,1600,157,7339500000
G,1600,157,7335110000
G,1600,157,7336460000
G,1600,157,7340400000
G,1600,157,7348240000
G,1600,157,7334630000
G,1600,158,7340740000
G,1600,158,7340390000
G,1600,158,7327230000
G,1600,158,7343190000
G,1600,158,7337010000
G,1600,158,7336440000
G,1600,158,7341460000
G,1600,158,7335740000
G,1600,158,7361890000
G,1600,158,7346850000
G,1600,159,7335180000
G,1600,159,7329490000
G,1600,159,7338390000
G,1600,159,7332550000
G,1600,159,7337920000
G,1600,159,7344830000
G,1600,159,7339020000
G,1600,159,7339030000
G,1600,159,7338250000
G,1600,159,7335570000
G,1700,160,6438720000
G,1700,160,6450380000
G,1700,160,6443520000
G,1700,160,6488850000
G,1700,160,6481640000
G,1700,160,6446140000
G,1700,160,6444990000
G,1700,160,6446440000
G,1700,160,6443080000
G,1700,160,6442070000
G,1700,161,6449840000
G,1700,161,6445810000
G,1700,161,6451220000
G,1700,161,6451130000
G,1700,161,6449320000
G,1700,161,6451090000
G,1700,161,6443770000
G,1700,161,6457830000
G,1700,161,6442710000
G,1700,161,6447220000
G,1700,162,6447680000
G,1700,162,6446040000
G,1700,162,6442820000
G,1700,162,6440950000
G,1700,162,6455830000
G,1700,162,6444880000
G,1700,162,6452030000
G,1700,162,6449930000
G,1700,162,6450000000
G,1700,162,6447140000
G,1700,163,6446130000
G,1700,163,6455920000
G,1700,163,6446690000
G,1700,163,6447340000
G,1700,163,6446010000
G,1700,163,6450090000
G,1700,163,6444260000
G,1700,163,6442560000
G,1700,163,6449650000
G,1700,163,6447550000
G,1700,164,6456350000
G,1700,164,6448650000
G,1700,164,6447990000
G,1700,164,6447480000
G,1700,164,6444200000
G,1700,164,6456090000
G,1700,164,6447110000
G,1700,164,6446840000
G,1700,164,6443520000
G,1700,164,6448540000
G,1700,165,6442780000
G,1700,165,6445050000
G,1700,165,6452820000
G,1700,165,6450120000
G,1700,165,6447770000
G,1700,165,6448070000
G,1700,165,6441060000
G,1700,165,6457520000
G,1700,165,6448170000
G,1700,165,6449280000
G,1700,166,6450310000
G,1700,166,6450970000
G,1700,166,6452110000
G,1700,166,6449160000
G,1700,166,6447930000
G,1700,166,6449310000
G,1700,166,6450400000
G,1700,166,6441220000
G,1700,166,6444320000
G,1700,166,6444140000
G,1700,167,6448500000
G,1700,167,6448330000
G,1700,167,6445810000
G,1700,167,6446600000
G,1700,167,6447320000
G,1700,167,6448450000
G,1700,167,6452140000
G,1700,167,6451160000
G,1700,167,6447760000
G,1700,167,6448950000
G,1700,168,6452730000
G,1700,168,6440920000
G,1700,168,6443290000
G,1700,168,6443810000
G,1700,168,6448350000
G,1700,168,6444970000
G,1700,168,6446010000
G,1700,168,6447490000
G,1700,168,6448020000
G,1700,168,6446830000
G,1700,169,6452340000
G,1700,169,6449020000
G,1700,169,6448620000
G,1700,169,6450060000
G,1700,169,6446160000
G,1700,169,6446630000
G,1700,169,6443290000
G,1700,169,6446320000
G,1700,169,6447490000
G,1700,169,6446580000
G,1800,170,6883370000
G,1800,170,6865700000
G,1800,170,6872450000
G,1800,170,6856840000
G,1800,170,6869660000
G,1800,170,6866620000
G,1800,170,6867270000
G,1800,170,6867810000
G,1800,170,6866720000
G,1800,170,6874830000
G,1800,171,6868110000
G,1800,171,6906670000
G,1800,171,6869390000
G,1800,171,6868610000
G,1800,171,6867620000
G,1800,171,6864540000
G,1800,171,6869900000
G,1800,171,6865400000
G,1800,171,6863030000
G,1800,171,6867450000
G,1800,172,6868950000
G,1800,172,6869410000
G,1800,172,6869610000
G,1800,172,6867350000
G,1800,172,6862120000
G,1800,172,6869470000
G,1800,172,6866830000
G,1800,172,6873970000
G,1800,172,6865060000
G,1800,172,6866840000
G,1800,173,6864620000
G,1800,173,6866150000
G,1800,173,6868140000
G,1800,173,6870060000
G,1800,173,6866150000
G,1800,173,6866730000
G,1800,173,6864930000
G,1800,173,6866620000
G,1800,173,6892240000
G,1800,173,6960180000
G,1800,174,6952800000
G,1800,174,6881210000
G,1800,174,7058830000
G,1800,174,6877130000
G,1800,174,6937540000
G,1800,174,6874320000
G,1800,174,6870600000
G,1800,174,6889770000
G,1800,174,6871020000
G,1800,174,6868030000
G,1800,175,6873770000
G,1800,175,6886950000
G,1800,175,6863140000
G,1800,175,6867030000
G,1800,175,6872680000
G,1800,175,6859260000
G,1800,175,6873040000
G,1800,175,6870610000
G,1800,175,6868240000
G,1800,175,6865650000
G,1800,176,6884470000
G,1800,176,6876780000
G,1800,176,6866080000
G,1800,176,6866680000
G,1800,176,6874330000
G,1800,176,6856660000
G,1800,176,6870620000
G,1800,176,6867790000
G,1800,176,6867320000
G,1800,176,6864900000
G,1800,177,6871470000
G,1800,177,6861040000
G,1800,177,6871170000
G,1800,177,6867420000
G,1800,177,6875140000
G,1800,177,6858900000
G,1800,177,6873060000
G,1800,177,6862650000
G,1800,177,6877950000
G,1800,177,6861900000
G,1800,178,6864520000
G,1800,178,6857570000
G,1800,178,6855420000
G,1800,178,6874300000
G,1800,178,6861750000
G,1800,178,6866430000
G,1800,178,6866740000
G,1800,178,6866400000
G,1800,178,6953250000
G,1800,178,7027340000
G,1800,179,6869010000
G,1800,179,6863830000
G,1800,179,6867190000
G,1800,179,6877350000
G,1800,179,6860410000
G,1800,179,6878720000
G,1800,179,6861030000
G,1800,179,6881410000
G,1800,179,6860620000
G,1800,179,6878730000
G,1900,180,9155460000
G,1900,180,9132180000
G,1900,180,9134310000
G,1900,180,9125620000
G,1900,180,9124920000
G,1900,180,9129160000
G,1900,180,9128360000
G,1900,180,9126830000
G,1900,180,9116350000
G,1900,180,9130720000
G,1900,181,9119950000
G,1900,181,9125460000
G,1900,181,9131230000
G,1900,181,9125820000
G,1900,181,9133860000
G,1900,181,9139420000
G,1900,181,9137160000
G,1900,181,9126770000
G,1900,181,9155610000
G,1900,181,9128500000
G,1900,182,9146570000
G,1900,182,9139020000
G,1900,182,9138020000
G,1900,182,9137650000
G,1900,182,9139560000
G,1900,182,9143490000
G,1900,182,9135250000
G,1900,182,9130720000
G,1900,182,9142880000
G,1900,182,9141280000
G,1900,183,9134740000
G,1900,183,9130030000
G,1900,183,9135010000
G,1900,183,9126290000
G,1900,183,9128650000
G,1900,183,9132870000
G,1900,183,9140050000
G,1900,183,9135620000
G,1900,183,9129830000
G,1900,183,9126330000
G,1900,184,9129230000
G,1900,184,9129380000
G,1900,184,9129550000
G,1900,184,9128760000
G,1900,184,9128650000
G,1900,184,9130520000
G,1900,184,9126840000
G,1900,184,9132890000
G,1900,184,9128190000
G,1900,184,9125980000
G,1900,185,9128980000
G,1900,185,9129780000
G,1900,185,9131300000
G,1900,185,9128870000
G,1900,185,9126600000
G,1900,185,9132690000
G,1900,185,9138120000
G,1900,185,9135340000
G,1900,185,9128220000
G,1900,185,9126270000
G,1900,186,9129390000
G,1900,186,9144090000
G,1900,186,9133220000
G,1900,186,9128840000
G,1900,186,9127730000
G,1900,186,9130920000
G,1900,186,9166500000
G,1900,186,9113220000
G,1900,186,9120080000
G,1900,186,9110290000
G,1900,187,9128280000
G,1900,187,9113410000
G,1900,187,9128690000
G,1900,187,9111080000
G,1900,187,9118390000
G,1900,187,9113450000
G,1900,187,9115020000
G,1900,187,9117010000
G,1900,187,9118430000
G,1900,187,9113850000
G,1900,188,9129030000
G,1900,188,9120270000
G,1900,188,9118120000
G,1900,188,9108660000
G,1900,188,9111250000
G,1900,188,9114550000
G,1900,188,9114250000
G,1900,188,9121120000
G,1900,188,9117610000
G,1900,188,9113930000
G,1900,189,9130870000
G,1900,189,9115760000
G,1900,189,9134770000
G,1900,189,9112920000
G,1900,189,9131380000
G,1900,189,9113790000
G,1900,189,9113740000
G,1900,189,9118450000
G,1900,189,9121680000
G,1900,189,9119160000
G,2000,190,12884900000
G,2000,190,12836900000
G,2000,190,12842000000
G,2000,190,12857300000
G,2000,190,12844500000
G,2000,190,12850800000
G,2000,190,12846500000
G,2000,190,12849900000
G,2000,190,12847800000
G,2000,190,12851400000
G,2000,191,12844900000
G,2000,191,12834500000
G,2000,191,12842000000
G,2000,191,12826500000
G,2000,191,12841300000
G,2000,191,12861100000
G,2000,191,12847300000
G,2000,191,12848200000
G,2000,191,12846400000
G,2000,191,12854500000
G,2000,192,12845300000
G,2000,192,12845500000
G,2000,192,12845100000
G,2000,192,12851200000
G,2000,192,12850000000
G,2000,192,12836100000
G,2000,192,12846900000
G,2000,192,12831700000
G,2000,192,12841100000
G,2000,192,12855500000
G,2000,193,12841100000
G,2000,193,12845300000
G,2000,193,12843400000
G,2000,193,12844100000
G,2000,193,12841200000
G,2000,193,12830600000
G,2000,193,12842900000
G,2000,193,12826900000
G,2000,193,12846800000
G,2000,193,12833000000
G,2000,194,12832900000
G,2000,194,12827100000
G,2000,194,12845700000
G,2000,194,12828000000
G,2000,194,12848400000
G,2000,194,12832500000
G,2000,194,12847900000
G,2000,194,12838900000
G,2000,194,12840800000
G,2000,194,12831800000
G,2000,195,12838900000
G,2000,195,12822000000
G,2000,195,12837400000
G,2000,195,12832700000
G,2000,195,12835500000
G,2000,195,12830700000
G,2000,195,12839700000
G,2000,195,12830200000
G,2000,195,12842300000
G,2000,195,12838000000
G,2000,196,12845300000
G,2000,196,12840500000
G,2000,196,12831400000
G,2000,196,12829200000
G,2000,196,12835700000
G,2000,196,12824800000
G,2000,196,12847900000
G,2000,196,12821900000
G,2000,196,12837500000
G,2000,196,12827100000
G,2000,197,12835100000
G,2000,197,12835200000
G,2000,197,12838500000
G,2000,197,12838200000
G,2000,197,12830400000
G,2000,197,12840500000
G,2000,197,12839200000
G,2000,197,12829200000
G,2000,197,12845800000
G,2000,197,12825400000
G,2000,198,12840500000
G,2000,198,12830400000
G,2000,198,12838500000
G,2000,198,12831100000
G,2000,198,12836500000
G,2000,198,12834600000
G,2000,198,12843100000
G,2000,198,12842800000
G,2000,198,12844900000
G,2000,198,12833500000
G,2000,199,12838000000
G,2000,199,12824900000
G,2000,199,12851200000
G,2000,199,12835500000
G,2000,199,12841500000
G,2000,199,12829000000
G,2000,199,12835700000
G,2000,199,12832900000
G,2000,199,12850200000
G,2000,199,12827200000
G,2100,200,12403500000
G,2100,200,12425600000
G,2100,200,12420900000
G,2100,200,12421800000
G,2100,200,12419300000
G,2100,200,12418900000
G,2100,200,12420200000
G,2100,200,12418300000
G,2100,200,12421600000
G,2100,200,12418000000
G,2100,201,12420700000
G,2100,201,12416500000
G,2100,201,12422500000
G,2100,201,12419800000
G,2100,201,12419100000
G,2100,201,12419800000
G,2100,201,12418500000
G,2100,201,12418100000
G,2100,201,12419800000
G,2100,201,12415600000
G,2100,202,12421200000
G,2100,202,12419300000
G,2100,202,12418700000
G,2100,202,12420600000
G,2100,202,12421200000
G,2100,202,12418400000
G,2100,202,12419600000
G,2100,202,12416300000
G,2100,202,12418700000
G,2100,202,12417400000
G,2100,203,12416400000
G,2100,203,12415100000
G,2100,203,12420700000
G,2100,203,12427700000
G,2100,203,12403500000
G,2100,203,12426600000
G,2100,203,12422900000
G,2100,203,12420000000
G,2100,203,12405300000
G,2100,203,12422600000
G,2100,204,12420900000
G,2100,204,12425100000
G,2100,204,12424900000
G,2100,204,12422900000
G,2100,204,12424000000
G,2100,204,12422700000
G,2100,204,12420800000
G,2100,204,12423100000
G,2100,204,12423700000
G,2100,204,12427000000
G,2100,205,12425200000
G,2100,205,12419700000
G,2100,205,12422600000
G,2100,205,12427500000
G,2100,205,12422800000
G,2100,205,12425500000
G,2100,205,12424100000
G,2100,205,12423900000
G,2100,205,12420100000
G,2100,205,12426400000
G,2100,206,12422600000
G,2100,206,12429100000
G,2100,206,12419700000
G,2100,206,12425200000
G,2100,206,12402700000
G,2100,206,12412000000
G,2100,206,12422200000
G,2100,206,12421100000
G,2100,206,12423000000
G,2100,206,12425300000
G,2100,207,12424900000
G,2100,207,12424400000
G,2100,207,12421300000
G,2100,207,12424600000
G,2100,207,12427700000
G,2100,207,12420700000
G,2100,207,12423000000
G,2100,207,12421400000
G,2100,207,12419900000
G,2100,207,12419300000
G,2100,208,12422800000
G,2100,208,12424700000
G,2100,208,12404800000
G,2100,208,12429200000
G,2100,208,12418900000
G,2100,208,12420700000
G,2100,208,12400900000
G,2100,208,12426300000
G,2100,208,12422300000
G,2100,208,12426600000
G,2100,209,12421600000
G,2100,209,12422700000
G,2100,209,12420700000
G,2100,209,12420800000
G,2100,209,12420600000
G,2100,209,12418800000
G,2100,209,12418300000
G,2100,209,12422200000
G,2100,209,12422700000
G,2100,209,12423500000
G,2200,210,12873100000
G,2200,210,12916800000
G,2200,210,12903500000
G,2200,210,12928900000
G,2200,210,12874800000
G,2200,210,12889200000
G,2200,210,12895100000
G,2200,210,12918100000
G,2200,210,12869300000
G,2200,210,12892800000
G,2200,211,12897500000
G,2200,211,12886400000
G,2200,211,12891200000
G,2200,211,12887200000
G,2200,211,12901800000
G,2200,211,12888400000
G,2200,211,12883900000
G,2200,211,12884500000
G,2200,211,12898500000
G,2200,211,12890700000
G,2200,212,12896600000
G,2200,212,12891700000
G,2200,212,12899200000
G,2200,212,12892900000
G,2200,212,12888900000
G,2200,212,12885700000
G,2200,212,12844500000
G,2200,212,12894500000
G,2200,212,12902000000
G,2200,212,12878800000
G,2200,213,12899700000
G,2200,213,12893000000
G,2200,213,12899800000
G,2200,213,12888700000
G,2200,213,12899200000
G,2200,213,12863700000
G,2200,213,12898000000
G,2200,213,12938500000
G,2200,213,12881300000
G,2200,213,12879200000
G,2200,214,12878700000
G,2200,214,12882500000
G,2200,214,12878600000
G,2200,214,12866500000
G,2200,214,12875800000
G,2200,214,12891100000
G,2200,214,12917700000
G,2200,214,12913200000
G,2200,214,12878600000
G,2200,214,12928300000
G,2200,215,12867900000
G,2200,215,12879500000
G,2200,215,12882600000
G,2200,215,12886000000
G,2200,215,12877900000
G,2200,215,12823600000
G,2200,215,12886600000
G,2200,215,12881300000
G,2200,215,12886700000
G,2200,215,12882900000
G,2200,216,12884500000
G,2200,216,12881100000
G,2200,216,12879900000
G,2200,216,12875100000
G,2200,216,12884000000
G,2200,216,12880700000
G,2200,216,12884200000
G,2200,216,12875400000
G,2200,216,12885900000
G,2200,216,12878700000
G,2200,217,12885300000
G,2200,217,12876500000
G,2200,217,12886700000
G,2200,217,12875200000
G,2200,217,12895700000
G,2200,217,12884200000
G,2200,217,12832800000
G,2200,217,12890200000
G,2200,217,12890600000
G,2200,217,12881800000
G,2200,218,12868700000
G,2200,218,12882200000
G,2200,218,12887700000
G,2200,218,12885300000
G,2200,218,12887600000
G,2200,218,12875600000
G,2200,218,12887700000
G,2200,218,12876600000
G,2200,218,12880100000
G,2200,218,12867200000
G,2200,219,12871100000
G,2200,219,12894400000
G,2200,219,12893300000
G,2200,219,12882000000
G,2200,219,12874900000
G,2200,219,12886100000
G,2200,219,12901200000
G,2200,219,12882000000
G,2200,219,12887000000
G,2200,219,12885600000
G,2300,220,16946200000
G,2300,220,16948400000
G,2300,220,16941300000
G,2300,220,16947000000
G,2300,220,16943100000
G,2300,220,16956100000
G,2300,220,16946000000
G,2300,220,16947800000
G,2300,220,16948200000
G,2300,220,16949700000
G,2300,221,16941100000
G,2300,221,16939800000
G,2300,221,16942400000
G,2300,221,16945900000
G,2300,221,16944800000
G,2300,221,16951600000
G,2300,221,16952200000
G,2300,221,16940400000
G,2300,221,16944600000
G,2300,221,16946400000
G,2300,222,16937800000
G,2300,222,16946800000
G,2300,222,16944000000
G,2300,222,16950100000
G,2300,222,16943400000
G,2300,222,16951700000
G,2300,222,16947500000
G,2300,222,16950600000
G,2300,222,16942800000
G,2300,222,16948500000
G,2300,223,16941800000
G,2300,223,16940800000
G,2300,223,16938900000
G,2300,223,16958300000
G,2300,223,16946000000
G,2300,223,16945900000
G,2300,223,16944400000
G,2300,223,16950100000
G,2300,223,16939900000
G,2300,223,16939100000
G,2300,224,16941600000
G,2300,224,16961800000
G,2300,224,16942600000
G,2300,224,16949300000
G,2300,224,16942300000
G,2300,224,16952100000
G,2300,224,16945700000
G,2300,224,16949100000
G,2300,224,16946700000
G,2300,224,16945600000
G,2300,225,16940200000
G,2300,225,16948200000
G,2300,225,16950200000
G,2300,225,16954500000
G,2300,225,16943900000
G,2300,225,16949400000
G,2300,225,16942500000
G,2300,225,16946400000
G,2300,225,16942600000
G,2300,225,16951400000
G,2300,226,16949700000
G,2300,226,16945400000
G,2300,226,16946500000
G,2300,226,16952800000
G,2300,226,16950200000
G,2300,226,16946200000
G,2300,226,16946000000
G,2300,226,16945700000
G,2300,226,16943300000
G,2300,226,16960600000
G,2300,227,16945700000
G,2300,227,16940900000
G,2300,227,16951400000
G,2300,227,16949700000
G,2300,227,16942500000
G,2300,227,16953100000
G,2300,227,16944100000
G,2300,227,16947800000
G,2300,227,16938000000
G,2300,227,16958400000
G,2300,228,16943800000
G,2300,228,16948200000
G,2300,228,16945800000
G,2300,228,16946100000
G,2300,228,16940100000
G,2300,228,16948200000
G,2300,228,16945200000
G,2300,228,16948700000
G,2300,228,16941000000
G,2300,228,16948600000
G,2300,229,16951000000
G,2300,229,16954000000
G,2300,229,16945800000
G,2300,229,16944500000
G,2300,229,16946000000
G,2300,229,16950200000
G,2300,229,16943300000
G,2300,229,16952600000
G,2300,229,16944700000
G,2300,229,16947200000
G,2400,230,26031900000
G,2400,230,26026800000
G,2400,230,26028600000
G,2400,230,26046500000
G,2400,230,26029800000
G,2400,230,26031600000
G,2400,230,26035000000
G,2400,230,26025000000
G,2400,230,26032800000
G,2400,230,26063000000
G,2400,231,26058000000
G,2400,231,26030200000
G,2400,231,26036200000
G,2400,231,26026600000
G,2400,231,26037200000
G,2400,231,26030300000
G,2400,231,26033300000
G,2400,231,26031900000
G,2400,231,26032300000
G,2400,231,26043000000
G,2400,232,26030900000
G,2400,232,26036800000
G,2400,232,26048400000
G,2400,232,26031800000
G,2400,232,26027300000
G,2400,232,26030200000
G,2400,232,26035100000
G,2400,232,26041600000
G,2400,232,26062300000
G,2400,232,26026100000
G,2400,233,26016700000
G,2400,233,26019400000
G,2400,233,26029200000
G,2400,233,26026700000
G,2400,233,26022800000
G,2400,233,26021600000
G,2400,233,26025700000
G,2400,233,26035600000
G,2400,233,26026500000
G,2400,233,26074200000
G,2400,234,26029800000
G,2400,234,26034600000
G,2400,234,26025700000
G,2400,234,26028000000
G,2400,234,26026400000
G,2400,234,26033800000
G,2400,234,26029600000
G,2400,234,26035100000
G,2400,234,26025300000
G,2400,234,26027400000
G,2400,235,26032000000
G,2400,235,26034300000
G,2400,235,26025900000
G,2400,235,26067400000
G,2400,235,26018000000
G,2400,235,26019100000
G,2400,235,26027400000
G,2400,235,26020300000
G,2400,235,26018600000
G,2400,235,26027000000
G,2400,236,26022700000
G,2400,236,26057400000
G,2400,236,26026700000
G,2400,236,26043200000
G,2400,236,26036000000
G,2400,236,26028400000
G,2400,236,26025000000
G,2400,236,26031800000
G,2400,236,26027400000
G,2400,236,26033600000
G,2400,237,26050000000
G,2400,237,26026700000
G,2400,237,26034700000
G,2400,237,26033800000
G,2400,237,26028400000
G,2400,237,26033200000
G,2400,237,26026200000
G,2400,237,26029800000
G,2400,237,26022800000
G,2400,237,26032900000
G,2400,238,26026400000
G,2400,238,26035500000
G,2400,238,26024000000
G,2400,238,26030500000
G,2400,238,26023200000
G,2400,238,26042300000
G,2400,238,26030600000
G,2400,238,26032600000
G,2400,238,26032900000
G,2400,238,26065600000
G,2400,239,26017700000
G,2400,239,26029200000
G,2400,239,26023200000
G,2400,239,26019800000
G,2400,239,26029000000
G,2400,239,26013500000
G,2400,239,26019900000
G,2400,239,26023700000
G,2400,239,26021200000
G,2400,239,26028500000
G,2500,240,22069100000
G,2500,240,22105000000
G,2500,240,22068900000
G,2500,240,22104700000
G,2500,240,22106900000
G,2500,240,22102600000
G,2500,240,22084600000
G,2500,240,22092500000
G,2500,240,22109400000
G,2500,240,22079500000
G,2500,241,22072400000
G,2500,241,22105300000
G,2500,241,22070000000
G,2500,241,22103500000
G,2500,241,22102200000
G,2500,241,22105600000
G,2500,241,22083200000
G,2500,241,22091200000
G,2500,241,22089400000
G,2500,241,22085800000
G,2500,242,22083800000
G,2500,242,22086000000
G,2500,242,22076600000
G,2500,242,22091800000
G,2500,242,22065900000
G,2500,242,22113200000
G,2500,242,22071700000
G,2500,242,22104900000
G,2500,242,22117700000
G,2500,242,22107800000
G,2500,243,22084900000
G,2500,243,22096900000
G,2500,243,22085800000
G,2500,243,22079700000
G,2500,243,22090800000
G,2500,243,22086600000
G,2500,243,22084500000
G,2500,243,22091100000
G,2500,243,22077700000
G,2500,243,22087700000
G,2500,244,22078100000
G,2500,244,22092400000
G,2500,244,22062100000
G,2500,244,22112700000
G,2500,244,22081100000
G,2500,244,22097700000
G,2500,244,22073300000
G,2500,244,22111200000
G,2500,244,22108600000
G,2500,244,22104300000
G,2500,245,22090900000
G,2500,245,22084100000
G,2500,245,22089100000
G,2500,245,22087600000
G,2500,245,22093000000
G,2500,245,22087100000
G,2500,245,22080800000
G,2500,245,22102400000
G,2500,245,22067000000
G,2500,245,22109100000
G,2500,246,22069700000
G,2500,246,22109300000
G,2500,246,22063300000
G,2500,246,22108100000
G,2500,246,22071600000
G,2500,246,22110200000
G,2500,246,22109100000
G,2500,246,22104000000
G,2500,246,22090600000
G,2500,246,22084200000
G,2500,247,22092500000
G,2500,247,22091100000
G,2500,247,22088400000
G,2500,247,22088600000
G,2500,247,22083100000
G,2500,247,22094700000
G,2500,247,22066800000
G,2500,247,22106600000
G,2500,247,22076500000
G,2500,247,22083900000
G,2500,248,22079500000
G,2500,248,22090300000
G,2500,248,22058600000
G,2500,248,22112000000
G,2500,248,22074800000
G,2500,248,22108900000
G,2500,248,22107600000
G,2500,248,22102600000
G,2500,248,22100900000
G,2500,248,22103400000
G,2500,249,22087400000
G,2500,249,22088600000
G,2500,249,22085500000
G,2500,249,22088300000
G,2500,249,22084500000
G,2500,249,22083700000
G,2500,249,22076300000
G,2500,249,22094800000
G,2500,249,22068800000
G,2500,249,22114400000
G,2600,250,22239700000
G,2600,250,22253200000
G,2600,250,22250100000
G,2600,250,22256600000
G,2600,250,22243600000
G,2600,250,22255300000
G,2600,250,22245800000
G,2600,250,22258500000
G,2600,250,22244000000
G,2600,250,22254300000
G,2600,251,22251500000
G,2600,251,22253300000
G,2600,251,22243100000
G,2600,251,22259100000
G,2600,251,22236600000
G,2600,251,22251600000
G,2600,251,22234700000
G,2600,251,22258100000
G,2600,251,22237900000
G,2600,251,22252100000
G,2600,252,22244000000
G,2600,252,22292500000
G,2600,252,22259300000
G,2600,252,22275400000
G,2600,252,22257600000
G,2600,252,22273400000
G,2600,252,22258600000
G,2600,252,22277400000
G,2600,252,22263900000
G,2600,252,22281400000
G,2600,253,22260500000
G,2600,253,22275500000
G,2600,253,22263600000
G,2600,253,22280600000
G,2600,253,22260600000
G,2600,253,22275900000
G,2600,253,22257500000
G,2600,253,22276000000
G,2600,253,22263400000
G,2600,253,22309300000
G,2600,254,22177700000
G,2600,254,22192100000
G,2600,254,22218000000
G,2600,254,22196800000
G,2600,254,22185700000
G,2600,254,22204500000
G,2600,254,22180200000
G,2600,254,22198000000
G,2600,254,22182900000
G,2600,254,22196600000
G,2600,255,22206700000
G,2600,255,22208400000
G,2600,255,22201100000
G,2600,255,22205200000
G,2600,255,22196900000
G,2600,255,22201200000
G,2600,255,22198400000
G,2600,255,22202600000
G,2600,255,22200900000
G,2600,255,22205300000
G,2600,256,22197300000
G,2600,256,22204600000
G,2600,256,22202100000
G,2600,256,22200200000
G,2600,256,22198600000
G,2600,256,22269600000
G,2600,256,22249100000
G,2600,256,22250100000
G,2600,256,22244400000
G,2600,256,22249100000
G,2600,257,22240400000
G,2600,257,22244100000
G,2600,257,22234200000
G,2600,257,22253500000
G,2600,257,22238300000
G,2600,257,22257700000
G,2600,257,22233500000
G,2600,257,22250500000
G,2600,257,22272500000
G,2600,257,22204700000
G,2600,258,22190000000
G,2600,258,22200000000
G,2600,258,22187700000
G,2600,258,22200900000
G,2600,258,22189200000
G,2600,258,22203200000
G,2600,258,22192700000
G,2600,258,22207700000
G,2600,258,22194400000
G,2600,258,22206500000
G,2600,259,22193400000
G,2600,259,22205100000
G,2600,259,22199100000
G,2600,259,22205400000
G,2600,259,22195900000
G,2600,259,22206900000
G,2600,259,22193700000
G,2600,259,22193600000
G,2600,259,22193600000
G,2600,259,22194900000
G,2700,260,28286700000
G,2700,260,28287700000
G,2700,260,28286400000
G,2700,260,28284000000
G,2700,260,28280900000
G,2700,260,28292100000
G,2700,260,28285000000
G,2700,260,28288800000
G,2700,260,28284400000
G,2700,260,28284300000
G,2700,261,28282400000
G,2700,261,28283200000
G,2700,261,28275800000
G,2700,261,28275400000
G,2700,261,28277100000
G,2700,261,28291300000
G,2700,261,28302000000
G,2700,261,28283000000
G,2700,261,28297200000
G,2700,261,28280200000
G,2700,262,28292800000
G,2700,262,28281600000
G,2700,262,28291900000
G,2700,262,28284100000
G,2700,262,28293600000
G,2700,262,28276400000
G,2700,262,28298400000
G,2700,262,28285200000
G,2700,262,28292800000
G,2700,262,28272000000
G,2700,263,28286900000
G,2700,263,28265400000
G,2700,263,28290000000
G,2700,263,28279800000
G,2700,263,28292700000
G,2700,263,28274400000
G,2700,263,28291800000
G,2700,263,28272500000
G,2700,263,28290600000
G,2700,263,28299100000
G,2700,264,28287200000
G,2700,264,28281300000
G,2700,264,28283800000
G,2700,264,28293300000
G,2700,264,28295300000
G,2700,264,28288900000
G,2700,264,28289000000
G,2700,264,28271800000
G,2700,264,28288400000
G,2700,264,28275100000
G,2700,265,28283700000
G,2700,265,28281500000
G,2700,265,28287900000
G,2700,265,28274400000
G,2700,265,28288700000
G,2700,265,28277400000
G,2700,265,28278800000
G,2700,265,28273400000
G,2700,265,28290500000
G,2700,265,28274200000
G,2700,266,28279600000
G,2700,266,28279500000
G,2700,266,28274200000
G,2700,266,28293000000
G,2700,266,28280300000
G,2700,266,28282300000
G,2700,266,28279200000
G,2700,266,28278300000
G,2700,266,28287800000
G,2700,266,28296400000
G,2700,267,28279800000
G,2700,267,28286800000
G,2700,267,28297600000
G,2700,267,28288600000
G,2700,267,28299900000
G,2700,267,28292800000
G,2700,267,28299300000
G,2700,267,28287600000
G,2700,267,28297500000
G,2700,267,28286900000
G,2700,268,28289800000
G,2700,268,28284600000
G,2700,268,28290900000
G,2700,268,28275400000
G,2700,268,28288900000
G,2700,268,28269600000
G,2700,268,28291900000
G,2700,268,28267100000
G,2700,268,28288400000
G,2700,268,28269700000
G,2700,269,28279800000
G,2700,269,28276600000
G,2700,269,28275200000
G,2700,269,28272400000
G,2700,269,28277300000
G,2700,269,28272000000
G,2700,269,28275700000
G,2700,269,28274700000
G,2700,269,28275400000
G,2700,269,28290800000
G,2800,270,38551400000
G,2800,270,38532000000
G,2800,270,38559100000
G,2800,270,38526800000
G,2800,270,38540700000
G,2800,270,38555600000
G,2800,270,38524200000
G,2800,270,38535500000
G,2800,270,38518300000
G,2800,270,38551400000
G,2800,271,38523900000
G,2800,271,38514600000
G,2800,271,38580900000
G,2800,271,38546700000
G,2800,271,38580800000
G,2800,271,38554700000
G,2800,271,38575000000
G,2800,271,38602100000
G,2800,271,38554900000
G,2800,271,38576300000
G,2800,272,38561700000
G,2800,272,38576000000
G,2800,272,38542400000
G,2800,272,38569600000
G,2800,272,38545000000
G,2800,272,38604100000
G,2800,272,38551400000
G,2800,272,38563700000
G,2800,272,38574800000
G,2800,272,38592100000
G,2800,273,38550400000
G,2800,273,38635000000
G,2800,273,38557600000
G,2800,273,38575600000
G,2800,273,38517400000
G,2800,273,38613500000
G,2800,273,38531300000
G,2800,273,38583200000
G,2800,273,38522600000
G,2800,273,38568900000
G,2800,274,38525600000
G,2800,274,38538400000
G,2800,274,38520300000
G,2800,274,38501900000
G,2800,274,38531400000
G,2800,274,38552500000
G,2800,274,38527000000
G,2800,274,38526900000
G,2800,274,38542700000
G,2800,274,38555000000
G,2800,275,38541700000
G,2800,275,38523900000
G,2800,275,38527000000
G,2800,275,38576300000
G,2800,275,38563900000
G,2800,275,38541200000
G,2800,275,38518600000
G,2800,275,38563100000
G,2800,275,38530100000
G,2800,275,38533000000
G,2800,276,38537000000
G,2800,276,38552000000
G,2800,276,38527800000
G,2800,276,38563200000
G,2800,276,38533500000
G,2800,276,38555300000
G,2800,276,38526900000
G,2800,276,38553400000
G,2800,276,38521800000
G,2800,276,38554300000
G,2800,277,38525800000
G,2800,277,38553400000
G,2800,277,38531600000
G,2800,277,38525000000
G,2800,277,38537600000
G,2800,277,38534300000
G,2800,277,38529700000
G,2800,277,38554000000
G,2800,277,38571900000
G,2800,277,38535500000
G,2800,278,38532100000
G,2800,278,38520700000
G,2800,278,38527300000
G,2800,278,38538100000
G,2800,278,38536700000
G,2800,278,38557200000
G,2800,278,38580200000
G,2800,278,38540300000
G,2800,278,38558600000
G,2800,278,38555900000
G,2800,279,38532000000
G,2800,279,38543400000
G,2800,279,38535000000
G,2800,279,38522900000
G,2800,279,38534800000
G,2800,279,38540700000
G,2800,279,38534200000
G,2800,279,38505500000
G,2800,279,38541400000
G,2800,279,38554200000
G,2900,280,36259300000
G,2900,280,36249600000
G,2900,280,36266900000
G,2900,280,36223900000
G,2900,280,36280400000
G,2900,280,36225900000
G,2900,280,36285300000
G,2900,280,36242500000
G,2900,280,36284400000
G,2900,280,36209200000
G,2900,281,36223300000
G,2900,281,36239600000
G,2900,281,36238000000
G,2900,281,36236300000
G,2900,281,36285900000
G,2900,281,36230300000
G,2900,281,36215700000
G,2900,281,36263100000
G,2900,281,36242400000
G,2900,281,36250600000
G,2900,282,36262800000
G,2900,282,36270300000
G,2900,282,36228100000
G,2900,282,36223100000
G,2900,282,36229500000
G,2900,282,36262600000
G,2900,282,36243400000
G,2900,282,36252200000
G,2900,282,36265700000
G,2900,282,36237900000
G,2900,283,36268300000
G,2900,283,36265400000
G,2900,283,36239200000
G,2900,283,36257400000
G,2900,283,36283200000
G,2900,283,36245300000
G,2900,283,36280800000
G,2900,283,36221100000
G,2900,283,36291300000
G,2900,283,36239700000
G,2900,284,36304800000
G,2900,284,36256300000
G,2900,284,36271400000
G,2900,284,36232900000
G,2900,284,36235000000
G,2900,284,36259000000
G,2900,284,36312600000
G,2900,284,36210800000
G,2900,284,36304500000
G,2900,284,36239000000
G,2900,285,36442400000
G,2900,285,36393400000
G,2900,285,36272400000
G,2900,285,36222000000
G,2900,285,36241000000
G,2900,285,36238800000
G,2900,285,36236400000
G,2900,285,36236400000
G,2900,285,36259200000
G,2900,285,36231100000
G,2900,286,36288000000
G,2900,286,36207900000
G,2900,286,36262900000
G,2900,286,36228300000
G,2900,286,36251500000
G,2900,286,36236000000
G,2900,286,36233200000
G,2900,286,36231500000
G,2900,286,36261200000
G,2900,286,36218100000
G,2900,287,36233600000
G,2900,287,36219900000
G,2900,287,36279200000
G,2900,287,36185700000
G,2900,287,36288300000
G,2900,287,36213900000
G,2900,287,36287200000
G,2900,287,36238600000
G,2900,287,36301600000
G,2900,287,36227800000
G,2900,288,36288100000
G,2900,288,36228300000
G,2900,288,36293800000
G,2900,288,36256900000
G,2900,288,36275000000
G,2900,288,36269500000
G,2900,288,36286600000
G,2900,288,36223800000
G,2900,288,36276000000
G,2900,288,36244700000
G,2900,289,36284500000
G,2900,289,36227100000
G,2900,289,36242000000
G,2900,289,36223500000
G,2900,289,36245400000
G,2900,289,36227700000
G,2900,289,36289500000
G,2900,289,36232600000
G,2900,289,36229000000
G,2900,289,36244900000
G,3000,290,36455700000
G,3000,290,36442500000
G,3000,290,36460300000
G,3000,290,36446100000
G,3000,290,36449600000
G,3000,290,36461700000
G,3000,290,36468800000
G,3000,290,36475600000
G,3000,290,36460000000
G,3000,290,36455400000
G,3000,291,36454500000
G,3000,291,36460900000
G,3000,291,36458000000
G,3000,291,36451100000
G,3000,291,36456600000
G,3000,291,36473300000
G,3000,291,36448500000
G,3000,291,36457500000
G,3000,291,36458800000
G,3000,291,36477300000
G,3000,292,36461500000
G,3000,292,36452700000
G,3000,292,36449300000
G,3000,292,36467600000
G,3000,292,36449900000
G,3000,292,36459200000
G,3000,292,36449500000
G,3000,292,36457000000
G,3000,292,36456100000
G,3000,292,36449600000
G,3000,293,36888900000
G,3000,293,36865000000
G,3000,293,37039400000
G,3000,293,36465300000
G,3000,293,36500100000
G,3000,293,36459100000
G,3000,293,36467200000
G,3000,293,36463500000
G,3000,293,36451700000
G,3000,293,36462300000
G,3000,294,36460700000
G,3000,294,36511200000
G,3000,294,36584400000
G,3000,294,36592800000
G,3000,294,36585500000
G,3000,294,36601100000
G,3000,294,36593100000
G,3000,294,36512900000
G,3000,294,36472800000
G,3000,294,36450400000
G,3000,295,36453900000
G,3000,295,36463700000
G,3000,295,36451300000
G,3000,295,36453100000
G,3000,295,36454500000
G,3000,295,36440200000
G,3000,295,36449200000
G,3000,295,36453700000
G,3000,295,36485200000
G,3000,295,36433100000
G,3000,296,36440300000
G,3000,296,36439700000
G,3000,296,36449400000
G,3000,296,36441700000
G,3000,296,36470900000
G,3000,296,36459500000
G,3000,296,36443000000
G,3000,296,36447900000
G,3000,296,36456300000
G,3000,296,36455700000
G,3000,297,36438200000
G,3000,297,36460800000
G,3000,297,36463900000
G,3000,297,36469500000
G,3000,297,36438200000
G,3000,297,36450600000
G,3000,297,36450600000
G,3000,297,36464500000
G,3000,297,36458500000
G,3000,297,36459900000
G,3000,298,36443800000
G,3000,298,36452700000
G,3000,298,36443100000
G,3000,298,36453100000
G,3000,298,36439900000
G,3000,298,36442400000
G,3000,298,36447100000
G,3000,298,36457900000
G,3000,298,36435700000
G,3000,298,36453700000
G,3000,299,36467100000
G,3000,299,36449300000
G,3000,299,36433700000
G,3000,299,36465600000
G,3000,299,36455600000
G,3000,299,36497200000
G,3000,299,36447300000
G,3000,299,36444200000
G,3000,299,36439900000
G,3000,299,36439700000
G,3100,300,45193900000
G,3100,300,45231700000
G,3100,300,45190400000
G,3100,300,45201700000
G,3100,300,45162200000
G,3100,300,45179600000
G,3100,300,45193200000
G,3100,300,45229800000
G,3100,300,45195800000
G,3100,300,45198100000
G,3100,301,45176100000
G,3100,301,45212200000
G,3100,301,45170200000
G,3100,301,45221600000
G,3100,301,45185200000
G,3100,301,45170900000
G,3100,301,45232800000
G,3100,301,45202000000
G,3100,301,45175700000
G,3100,301,45212100000
G,3100,302,45189800000
G,3100,302,45202100000
G,3100,302,45187000000
G,3100,302,45229800000
G,3100,302,45214500000
G,3100,302,45223300000
G,3100,302,45186200000
G,3100,302,45195400000
G,3100,302,45211500000
G,3100,302,45192300000
G,3100,303,45200000000
G,3100,303,45243800000
G,3100,303,45215100000
G,3100,303,45222400000
G,3100,303,45196900000
G,3100,303,45227700000
G,3100,303,45185600000
G,3100,303,45210000000
G,3100,303,45279800000
G,3100,303,45190600000
G,3100,304,45159400000
G,3100,304,45218600000
G,3100,304,45188900000
G,3100,304,45179700000
G,3100,304,45284600000
G,3100,304,45220600000
G,3100,304,45251800000
G,3100,304,45217200000
G,3100,304,45205200000
G,3100,304,45254000000
G,3100,305,45222000000
G,3100,305,45219500000
G,3100,305,45183900000
G,3100,305,45191500000
G,3100,305,45195400000
G,3100,305,45203500000
G,3100,305,45214300000
G,3100,305,45219200000
G,3100,305,45182300000
G,3100,305,45196500000
G,3100,306,45204500000
G,3100,306,45245900000
G,3100,306,45206900000
G,3100,306,45266800000
G,3100,306,45202000000
G,3100,306,45259900000
G,3100,306,45218900000
G,3100,306,45211100000
G,3100,306,45195400000
G,3100,306,45198500000
G,3100,307,45206600000
G,3100,307,45250400000
G,3100,307,45215600000
G,3100,307,45217800000
G,3100,307,45203000000
G,3100,307,45224100000
G,3100,307,45192500000
G,3100,307,45189700000
G,3100,307,45209000000
G,3100,307,45251300000
G,3100,308,45221500000
G,3100,308,45217900000
G,3100,308,45201600000
G,3100,308,45227400000
G,3100,308,45215100000
G,3100,308,45194900000
G,3100,308,45196900000
G,3100,308,45247300000
G,3100,308,45196300000
G,3100,308,45247000000
G,3100,309,45222900000
G,3100,309,45222700000
G,3100,309,45181500000
G,3100,309,45188400000
G,3100,309,45210200000
G,3100,309,45253500000
G,3100,309,45202900000
G,3100,309,45227700000
G,3100,309,45217000000
G,3100,309,45225900000
